episode,reward
1,-200.0
2,-200.0
3,-200.0
4,-200.0
5,-200.0
6,-200.0
7,-200.0
8,-165.0
9,-200.0
10,-200.0
11,-200.0
12,-200.0
13,-200.0
14,-200.0
15,-200.0
16,-200.0
17,-200.0
18,-200.0
19,-200.0
20,-200.0
21,-200.0
22,-188.0
23,-200.0
24,-200.0
25,-200.0
26,-200.0
27,-200.0
28,-200.0
29,-200.0
30,-200.0
31,-200.0
32,-200.0
33,-200.0
34,-200.0
35,-200.0
36,-200.0
37,-200.0
38,-200.0
39,-200.0
40,-200.0
41,-200.0
42,-200.0
43,-200.0
44,-200.0
45,-200.0
46,-200.0
47,-200.0
48,-200.0
49,-200.0
50,-200.0
51,-200.0
52,-200.0
53,-200.0
54,-200.0
55,-200.0
56,-200.0
57,-200.0
58,-200.0
59,-200.0
60,-200.0
61,-200.0
62,-200.0
63,-200.0
64,-200.0
65,-200.0
66,-200.0
67,-200.0
68,-200.0
69,-200.0
70,-200.0
71,-200.0
72,-200.0
73,-200.0
74,-200.0
75,-200.0
76,-200.0
77,-200.0
78,-200.0
79,-200.0
80,-200.0
81,-200.0
82,-200.0
83,-200.0
84,-200.0
85,-200.0
86,-200.0
87,-200.0
88,-200.0
89,-200.0
90,-200.0
91,-200.0
92,-200.0
93,-200.0
94,-200.0
95,-200.0
96,-200.0
97,-200.0
98,-200.0
99,-200.0
100,-200.0
101,-200.0
102,-200.0
103,-200.0
104,-200.0
105,-200.0
106,-200.0
107,-200.0
108,-200.0
109,-200.0
110,-200.0
111,-200.0
112,-200.0
113,-200.0
114,-200.0
115,-200.0
116,-200.0
117,-200.0
118,-200.0
119,-200.0
120,-200.0
121,-200.0
122,-200.0
123,-200.0
124,-200.0
125,-200.0
126,-200.0
127,-200.0
128,-200.0
129,-200.0
130,-200.0
131,-200.0
132,-200.0
133,-200.0
134,-200.0
135,-200.0
136,-200.0
137,-200.0
138,-200.0
139,-200.0
140,-200.0
141,-200.0
142,-200.0
143,-200.0
144,-200.0
145,-200.0
146,-200.0
147,-200.0
148,-200.0
149,-200.0
150,-200.0
151,-200.0
152,-200.0
153,-200.0
154,-200.0
155,-200.0
156,-200.0
157,-200.0
158,-200.0
159,-200.0
160,-200.0
161,-200.0
162,-200.0
163,-200.0
164,-200.0
165,-200.0
166,-200.0
167,-200.0
168,-200.0
169,-200.0
170,-200.0
171,-200.0
172,-200.0
173,-200.0
174,-200.0
175,-200.0
176,-200.0
177,-200.0
178,-200.0
179,-200.0
180,-200.0
181,-200.0
182,-200.0
183,-200.0
184,-200.0
185,-200.0
186,-200.0
187,-200.0
188,-200.0
189,-200.0
190,-200.0
191,-200.0
192,-200.0
193,-200.0
194,-200.0
195,-200.0
196,-200.0
197,-200.0
198,-200.0
199,-200.0
200,-200.0
201,-200.0
202,-200.0
203,-200.0
204,-200.0
205,-200.0
206,-200.0
207,-200.0
208,-200.0
209,-200.0
210,-200.0
211,-200.0
212,-200.0
213,-200.0
214,-200.0
215,-200.0
216,-200.0
217,-200.0
218,-200.0
219,-200.0
220,-200.0
221,-200.0
222,-200.0
223,-200.0
224,-200.0
225,-200.0
226,-200.0
227,-200.0
228,-200.0
229,-200.0
230,-200.0
231,-200.0
232,-200.0
233,-200.0
234,-200.0
235,-200.0
236,-200.0
237,-200.0
238,-200.0
239,-200.0
240,-200.0
241,-200.0
242,-200.0
243,-200.0
244,-200.0
245,-200.0
246,-200.0
247,-200.0
248,-200.0
249,-200.0
250,-200.0
251,-200.0
252,-200.0
253,-200.0
254,-200.0
255,-200.0
256,-200.0
257,-200.0
258,-200.0
259,-200.0
260,-200.0
261,-200.0
262,-200.0
263,-200.0
264,-200.0
265,-200.0
266,-200.0
267,-200.0
268,-200.0
269,-200.0
270,-200.0
271,-200.0
272,-200.0
273,-200.0
274,-200.0
275,-200.0
276,-200.0
277,-200.0
278,-200.0
279,-200.0
280,-200.0
281,-200.0
282,-200.0
283,-200.0
284,-200.0
285,-200.0
286,-200.0
287,-200.0
288,-200.0
289,-200.0
290,-200.0
291,-200.0
292,-200.0
293,-200.0
294,-200.0
295,-200.0
296,-200.0
297,-200.0
298,-200.0
299,-200.0
300,-200.0
301,-200.0
302,-200.0
303,-200.0
304,-200.0
305,-200.0
306,-200.0
307,-200.0
308,-200.0
309,-200.0
310,-200.0
311,-200.0
312,-200.0
313,-200.0
314,-200.0
315,-200.0
316,-200.0
317,-200.0
318,-200.0
319,-200.0
320,-200.0
321,-200.0
322,-200.0
323,-200.0
324,-200.0
325,-200.0
326,-200.0
327,-200.0
328,-200.0
329,-200.0
330,-200.0
331,-200.0
332,-200.0
333,-200.0
334,-200.0
335,-200.0
336,-200.0
337,-200.0
338,-200.0
339,-200.0
340,-200.0
341,-200.0
342,-200.0
343,-200.0
344,-200.0
345,-200.0
346,-200.0
347,-200.0
348,-200.0
349,-200.0
350,-200.0
351,-200.0
352,-200.0
353,-200.0
354,-200.0
355,-200.0
356,-200.0
357,-200.0
358,-200.0
359,-200.0
360,-200.0
361,-200.0
362,-200.0
363,-200.0
364,-200.0
365,-200.0
366,-200.0
367,-200.0
368,-200.0
369,-200.0
370,-200.0
371,-200.0
372,-200.0
373,-200.0
374,-200.0
375,-200.0
376,-200.0
377,-200.0
378,-200.0
379,-200.0
380,-200.0
381,-200.0
382,-200.0
383,-200.0
384,-200.0
385,-200.0
386,-200.0
387,-200.0
388,-200.0
389,-200.0
390,-200.0
391,-200.0
392,-200.0
393,-200.0
394,-200.0
395,-200.0
396,-200.0
397,-200.0
398,-200.0
399,-200.0
400,-200.0
401,-200.0
402,-200.0
403,-200.0
404,-200.0
405,-200.0
406,-200.0
407,-200.0
408,-200.0
409,-200.0
410,-200.0
411,-200.0
412,-200.0
413,-200.0
414,-200.0
415,-200.0
416,-200.0
417,-200.0
418,-200.0
419,-200.0
420,-200.0
421,-200.0
422,-200.0
423,-200.0
424,-200.0
425,-200.0
426,-200.0
427,-200.0
428,-200.0
429,-200.0
430,-200.0
431,-200.0
432,-200.0
433,-200.0
434,-200.0
435,-200.0
436,-200.0
437,-200.0
438,-200.0
439,-200.0
440,-172.0
441,-200.0
442,-189.0
443,-200.0
444,-200.0
445,-176.0
446,-200.0
447,-200.0
448,-200.0
449,-200.0
450,-200.0
451,-200.0
452,-200.0
453,-200.0
454,-200.0
455,-200.0
456,-200.0
457,-200.0
458,-200.0
459,-200.0
460,-200.0
461,-173.0
462,-194.0
463,-198.0
464,-188.0
465,-200.0
466,-200.0
467,-200.0
468,-168.0
469,-200.0
470,-200.0
471,-200.0
472,-200.0
473,-200.0
474,-154.0
475,-200.0
476,-200.0
477,-175.0
478,-200.0
479,-200.0
480,-200.0
481,-200.0
482,-173.0
483,-200.0
484,-200.0
485,-200.0
486,-200.0
487,-165.0
488,-200.0
489,-158.0
490,-200.0
491,-200.0
492,-200.0
493,-200.0
494,-200.0
495,-200.0
496,-158.0
497,-200.0
498,-200.0
499,-200.0
500,-200.0
501,-200.0
502,-200.0
503,-200.0
504,-200.0
505,-200.0
506,-200.0
507,-198.0
508,-200.0
509,-200.0
510,-162.0
511,-200.0
512,-200.0
513,-200.0
514,-200.0
515,-200.0
516,-188.0
517,-200.0
518,-200.0
519,-200.0
520,-139.0
521,-200.0
522,-192.0
523,-200.0
524,-200.0
525,-200.0
526,-200.0
527,-197.0
528,-200.0
529,-200.0
530,-200.0
531,-200.0
532,-195.0
533,-200.0
534,-200.0
535,-200.0
536,-200.0
537,-200.0
538,-200.0
539,-166.0
540,-200.0
541,-200.0
542,-154.0
543,-200.0
544,-167.0
545,-200.0
546,-200.0
547,-200.0
548,-200.0
549,-200.0
550,-200.0
551,-200.0
552,-200.0
553,-200.0
554,-200.0
555,-200.0
556,-200.0
557,-200.0
558,-200.0
559,-200.0
560,-200.0
561,-200.0
562,-200.0
563,-200.0
564,-200.0
565,-200.0
566,-200.0
567,-200.0
568,-200.0
569,-200.0
570,-200.0
571,-200.0
572,-200.0
573,-200.0
574,-200.0
575,-200.0
576,-200.0
577,-200.0
578,-200.0
579,-156.0
580,-200.0
581,-200.0
582,-200.0
583,-200.0
584,-200.0
585,-197.0
586,-200.0
587,-200.0
588,-200.0
589,-199.0
590,-200.0
591,-200.0
592,-200.0
593,-200.0
594,-200.0
595,-200.0
596,-200.0
597,-200.0
598,-200.0
599,-162.0
600,-200.0
601,-200.0
602,-200.0
603,-200.0
604,-200.0
605,-200.0
606,-200.0
607,-200.0
608,-200.0
609,-200.0
610,-200.0
611,-200.0
612,-200.0
613,-200.0
614,-200.0
615,-200.0
616,-200.0
617,-200.0
618,-200.0
619,-200.0
620,-200.0
621,-200.0
622,-200.0
623,-200.0
624,-200.0
625,-200.0
626,-200.0
627,-200.0
628,-200.0
629,-200.0
630,-200.0
631,-200.0
632,-200.0
633,-200.0
634,-200.0
635,-200.0
636,-200.0
637,-200.0
638,-200.0
639,-200.0
640,-200.0
641,-200.0
642,-200.0
643,-200.0
644,-200.0
645,-200.0
646,-200.0
647,-200.0
648,-200.0
649,-200.0
650,-200.0
651,-200.0
652,-200.0
653,-200.0
654,-200.0
655,-200.0
656,-200.0
657,-200.0
658,-200.0
659,-200.0
660,-200.0
661,-200.0
662,-200.0
663,-200.0
664,-200.0
665,-200.0
666,-200.0
667,-200.0
668,-200.0
669,-200.0
670,-190.0
671,-200.0
672,-200.0
673,-200.0
674,-200.0
675,-160.0
676,-200.0
677,-200.0
678,-200.0
679,-200.0
680,-200.0
681,-200.0
682,-200.0
683,-200.0
684,-200.0
685,-200.0
686,-174.0
687,-200.0
688,-200.0
689,-189.0
690,-200.0
691,-200.0
692,-200.0
693,-200.0
694,-200.0
695,-200.0
696,-187.0
697,-200.0
698,-200.0
699,-200.0
700,-200.0
701,-200.0
702,-200.0
703,-200.0
704,-200.0
705,-200.0
706,-163.0
707,-200.0
708,-200.0
709,-200.0
710,-200.0
711,-200.0
712,-200.0
713,-200.0
714,-182.0
715,-174.0
716,-200.0
717,-159.0
718,-200.0
719,-184.0
720,-200.0
721,-172.0
722,-158.0
723,-200.0
724,-200.0
725,-146.0
726,-196.0
727,-200.0
728,-194.0
729,-165.0
730,-181.0
731,-159.0
732,-200.0
733,-164.0
734,-153.0
735,-199.0
736,-155.0
737,-130.0
738,-151.0
739,-200.0
740,-197.0
741,-194.0
742,-200.0
743,-93.0
744,-200.0
745,-200.0
746,-200.0
747,-155.0
748,-200.0
749,-200.0
750,-200.0
751,-151.0
752,-154.0
753,-185.0
754,-153.0
755,-95.0
756,-109.0
757,-200.0
758,-200.0
759,-200.0
760,-156.0
761,-176.0
762,-152.0
763,-200.0
764,-147.0
765,-200.0
766,-142.0
767,-161.0
768,-174.0
769,-200.0
770,-200.0
771,-175.0
772,-193.0
773,-152.0
774,-117.0
775,-147.0
776,-200.0
777,-195.0
778,-150.0
779,-101.0
780,-200.0
781,-200.0
782,-200.0
783,-162.0
784,-112.0
785,-200.0
786,-129.0
787,-127.0
788,-160.0
789,-200.0
790,-200.0
791,-200.0
792,-87.0
793,-140.0
794,-181.0
795,-150.0
796,-179.0
797,-100.0
798,-154.0
799,-89.0
800,-155.0
801,-197.0
802,-152.0
803,-121.0
804,-152.0
805,-156.0
806,-200.0
807,-153.0
808,-140.0
809,-95.0
810,-155.0
811,-188.0
812,-200.0
813,-174.0
814,-124.0
815,-200.0
816,-169.0
817,-182.0
818,-159.0
819,-181.0
820,-198.0
821,-143.0
822,-89.0
823,-172.0
824,-99.0
825,-172.0
826,-101.0
827,-200.0
828,-84.0
829,-200.0
830,-200.0
831,-152.0
832,-149.0
833,-200.0
834,-137.0
835,-129.0
836,-114.0
837,-200.0
838,-200.0
839,-200.0
840,-200.0
841,-200.0
842,-172.0
843,-177.0
844,-100.0
845,-200.0
846,-118.0
847,-200.0
848,-160.0
849,-200.0
850,-180.0
851,-161.0
852,-200.0
853,-131.0
854,-200.0
855,-196.0
856,-200.0
857,-160.0
858,-200.0
859,-200.0
860,-167.0
861,-180.0
862,-159.0
863,-200.0
864,-200.0
865,-157.0
866,-177.0
867,-200.0
868,-200.0
869,-200.0
870,-200.0
871,-105.0
872,-177.0
873,-200.0
874,-200.0
875,-192.0
876,-179.0
877,-196.0
878,-143.0
879,-140.0
880,-200.0
881,-195.0
882,-200.0
883,-158.0
884,-200.0
885,-153.0
886,-163.0
887,-95.0
888,-174.0
889,-200.0
890,-200.0
891,-185.0
892,-161.0
893,-166.0
894,-200.0
895,-95.0
896,-163.0
897,-173.0
898,-93.0
899,-168.0
900,-173.0
901,-156.0
902,-116.0
903,-113.0
904,-102.0
905,-176.0
906,-159.0
907,-152.0
908,-94.0
909,-171.0
910,-149.0
911,-200.0
912,-200.0
913,-127.0
914,-152.0
915,-124.0
916,-104.0
917,-149.0
918,-100.0
919,-162.0
920,-160.0
921,-147.0
922,-184.0
923,-145.0
924,-169.0
925,-200.0
926,-143.0
927,-143.0
928,-149.0
929,-105.0
930,-144.0
931,-152.0
932,-86.0
933,-181.0
934,-112.0
935,-128.0
936,-175.0
937,-102.0
938,-117.0
939,-107.0
940,-137.0
941,-140.0
942,-87.0
943,-164.0
944,-145.0
945,-109.0
946,-165.0
947,-83.0
948,-127.0
949,-111.0
950,-112.0
951,-144.0
952,-136.0
953,-86.0
954,-161.0
955,-95.0
956,-143.0
957,-156.0
958,-180.0
959,-149.0
960,-139.0
961,-190.0
962,-122.0
963,-90.0
964,-130.0
965,-145.0
966,-200.0
967,-114.0
968,-152.0
969,-200.0
970,-166.0
971,-200.0
972,-168.0
973,-89.0
974,-117.0
975,-178.0
976,-152.0
977,-144.0
978,-92.0
979,-151.0
980,-200.0
981,-152.0
982,-160.0
983,-151.0
984,-157.0
985,-116.0
986,-95.0
987,-161.0
988,-100.0
989,-104.0
990,-114.0
991,-102.0
992,-200.0
993,-165.0
994,-105.0
995,-143.0
996,-92.0
997,-183.0
998,-159.0
999,-180.0
1000,-89.0
1001,-92.0
1002,-144.0
1003,-113.0
1004,-166.0
1005,-89.0
1006,-171.0
1007,-91.0
1008,-175.0
1009,-169.0
1010,-157.0
1011,-152.0
1012,-183.0
1013,-165.0
1014,-123.0
1015,-112.0
1016,-154.0
1017,-117.0
1018,-124.0
1019,-149.0
1020,-157.0
1021,-182.0
1022,-139.0
1023,-86.0
1024,-128.0
1025,-108.0
1026,-179.0
1027,-88.0
1028,-176.0
1029,-104.0
1030,-85.0
1031,-159.0
1032,-176.0
1033,-167.0
1034,-193.0
1035,-155.0
1036,-200.0
1037,-153.0
1038,-109.0
1039,-200.0
1040,-148.0
1041,-126.0
1042,-169.0
1043,-94.0
1044,-170.0
1045,-115.0
1046,-87.0
1047,-96.0
1048,-174.0
1049,-169.0
1050,-93.0
1051,-120.0
1052,-155.0
1053,-166.0
1054,-126.0
1055,-120.0
1056,-89.0
1057,-122.0
1058,-174.0
1059,-89.0
1060,-91.0
1061,-152.0
1062,-117.0
1063,-121.0
1064,-86.0
1065,-170.0
1066,-115.0
1067,-110.0
1068,-155.0
1069,-106.0
1070,-132.0
1071,-161.0
1072,-111.0
1073,-158.0
1074,-102.0
1075,-186.0
1076,-151.0
1077,-157.0
1078,-97.0
1079,-86.0
1080,-153.0
1081,-156.0
1082,-171.0
1083,-107.0
1084,-108.0
1085,-164.0
1086,-149.0
1087,-169.0
1088,-105.0
1089,-89.0
1090,-135.0
1091,-86.0
1092,-120.0
1093,-121.0
1094,-164.0
1095,-115.0
1096,-107.0
1097,-105.0
1098,-156.0
1099,-166.0
1100,-107.0
1101,-138.0
1102,-106.0
1103,-95.0
1104,-166.0
1105,-86.0
1106,-155.0
1107,-111.0
1108,-121.0
1109,-153.0
1110,-163.0
1111,-86.0
1112,-114.0
1113,-105.0
1114,-88.0
1115,-110.0
1116,-159.0
1117,-84.0
1118,-89.0
1119,-112.0
1120,-98.0
1121,-108.0
1122,-106.0
1123,-110.0
1124,-107.0
1125,-169.0
1126,-83.0
1127,-176.0
1128,-162.0
1129,-87.0
1130,-107.0
1131,-98.0
1132,-161.0
1133,-111.0
1134,-158.0
1135,-163.0
1136,-84.0
1137,-117.0
1138,-90.0
1139,-105.0
1140,-159.0
1141,-101.0
1142,-118.0
1143,-104.0
1144,-108.0
1145,-165.0
1146,-162.0
1147,-156.0
1148,-93.0
1149,-162.0
1150,-93.0
1151,-112.0
1152,-118.0
1153,-156.0
1154,-84.0
1155,-160.0
1156,-152.0
1157,-116.0
1158,-151.0
1159,-115.0
1160,-103.0
1161,-86.0
1162,-92.0
1163,-112.0
1164,-87.0
1165,-112.0
1166,-137.0
1167,-125.0
1168,-147.0
1169,-115.0
1170,-83.0
1171,-150.0
1172,-158.0
1173,-87.0
1174,-107.0
1175,-83.0
1176,-161.0
1177,-113.0
1178,-119.0
1179,-93.0
1180,-157.0
1181,-157.0
1182,-162.0
1183,-158.0
1184,-94.0
1185,-160.0
1186,-159.0
1187,-163.0
1188,-84.0
1189,-118.0
1190,-94.0
1191,-154.0
1192,-90.0
1193,-156.0
1194,-153.0
1195,-162.0
1196,-91.0
1197,-157.0
1198,-93.0
1199,-101.0
1200,-150.0
1201,-148.0
1202,-147.0
1203,-168.0
1204,-157.0
1205,-153.0
1206,-151.0
1207,-151.0
1208,-152.0
1209,-86.0
1210,-91.0
1211,-149.0
1212,-154.0
1213,-151.0
1214,-159.0
1215,-154.0
1216,-149.0
1217,-149.0
1218,-145.0
1219,-101.0
1220,-86.0
1221,-148.0
1222,-150.0
1223,-152.0
1224,-150.0
1225,-165.0
1226,-96.0
1227,-114.0
1228,-151.0
1229,-147.0
1230,-159.0
1231,-147.0
1232,-107.0
1233,-148.0
1234,-153.0
1235,-147.0
1236,-106.0
1237,-168.0
1238,-155.0
1239,-111.0
1240,-160.0
1241,-148.0
1242,-148.0
1243,-149.0
1244,-149.0
1245,-148.0
1246,-115.0
1247,-147.0
1248,-148.0
1249,-155.0
1250,-148.0
1251,-150.0
1252,-146.0
1253,-153.0
1254,-143.0
1255,-156.0
1256,-86.0
1257,-150.0
1258,-149.0
1259,-148.0
1260,-89.0
1261,-145.0
1262,-146.0
1263,-111.0
1264,-151.0
1265,-142.0
1266,-110.0
1267,-97.0
1268,-97.0
1269,-113.0
1270,-91.0
1271,-157.0
1272,-141.0
1273,-83.0
1274,-150.0
1275,-153.0
1276,-96.0
1277,-113.0
1278,-86.0
1279,-151.0
1280,-155.0
1281,-148.0
1282,-147.0
1283,-146.0
1284,-95.0
1285,-86.0
1286,-91.0
1287,-152.0
1288,-146.0
1289,-150.0
1290,-93.0
1291,-116.0
1292,-113.0
1293,-150.0
1294,-146.0
1295,-87.0
1296,-144.0
1297,-110.0
1298,-116.0
1299,-116.0
1300,-139.0
1301,-117.0
1302,-148.0
1303,-84.0
1304,-85.0
1305,-152.0
1306,-83.0
1307,-146.0
1308,-87.0
1309,-117.0
1310,-114.0
1311,-116.0
1312,-86.0
1313,-116.0
1314,-118.0
1315,-144.0
1316,-112.0
1317,-138.0
1318,-94.0
1319,-112.0
1320,-157.0
1321,-115.0
1322,-117.0
1323,-155.0
1324,-136.0
1325,-89.0
1326,-90.0
1327,-113.0
1328,-86.0
1329,-139.0
1330,-115.0
1331,-84.0
1332,-153.0
1333,-115.0
1334,-87.0
1335,-119.0
1336,-84.0
1337,-90.0
1338,-151.0
1339,-88.0
1340,-116.0
1341,-83.0
1342,-151.0
1343,-156.0
1344,-151.0
1345,-155.0
1346,-109.0
1347,-116.0
1348,-144.0
1349,-149.0
1350,-95.0
1351,-115.0
1352,-83.0
1353,-84.0
1354,-94.0
1355,-117.0
1356,-88.0
1357,-149.0
1358,-141.0
1359,-90.0
1360,-113.0
1361,-114.0
1362,-116.0
1363,-88.0
1364,-117.0
1365,-146.0
1366,-123.0
1367,-86.0
1368,-151.0
1369,-112.0
1370,-83.0
1371,-146.0
1372,-146.0
1373,-88.0
1374,-119.0
1375,-116.0
1376,-153.0
1377,-114.0
1378,-114.0
1379,-117.0
1380,-85.0
1381,-118.0
1382,-115.0
1383,-161.0
1384,-91.0
1385,-121.0
1386,-119.0
1387,-149.0
1388,-117.0
1389,-118.0
1390,-151.0
1391,-87.0
1392,-121.0
1393,-126.0
1394,-122.0
1395,-94.0
1396,-113.0
1397,-116.0
1398,-91.0
1399,-113.0
1400,-115.0
1401,-87.0
1402,-155.0
1403,-85.0
1404,-111.0
1405,-88.0
1406,-110.0
1407,-154.0
1408,-111.0
1409,-113.0
1410,-112.0
1411,-118.0
1412,-115.0
1413,-116.0
1414,-118.0
1415,-87.0
1416,-115.0
1417,-111.0
1418,-113.0
1419,-117.0
1420,-110.0
1421,-121.0
1422,-113.0
1423,-112.0
1424,-114.0
1425,-113.0
1426,-117.0
1427,-88.0
1428,-119.0
1429,-115.0
1430,-103.0
1431,-118.0
1432,-92.0
1433,-119.0
1434,-111.0
1435,-111.0
1436,-116.0
1437,-115.0
1438,-94.0
1439,-116.0
1440,-114.0
1441,-115.0
1442,-113.0
1443,-112.0
1444,-119.0
1445,-114.0
1446,-114.0
1447,-116.0
1448,-114.0
1449,-110.0
1450,-119.0
1451,-114.0
1452,-161.0
1453,-84.0
1454,-114.0
1455,-170.0
1456,-86.0
1457,-117.0
1458,-113.0
1459,-115.0
1460,-115.0
1461,-115.0
1462,-116.0
1463,-200.0
1464,-115.0
1465,-115.0
1466,-111.0
1467,-115.0
1468,-117.0
1469,-117.0
1470,-87.0
1471,-117.0
1472,-118.0
1473,-113.0
1474,-112.0
1475,-117.0
1476,-121.0
1477,-113.0
1478,-114.0
1479,-115.0
1480,-119.0
1481,-115.0
1482,-118.0
1483,-114.0
1484,-116.0
1485,-119.0
1486,-122.0
1487,-106.0
1488,-120.0
1489,-115.0
1490,-116.0
1491,-114.0
1492,-115.0
1493,-120.0
1494,-120.0
1495,-117.0
1496,-118.0
1497,-116.0
1498,-118.0
1499,-115.0
1500,-112.0
1501,-119.0
1502,-111.0
1503,-87.0
1504,-85.0
1505,-116.0
1506,-86.0
1507,-118.0
1508,-117.0
1509,-118.0
1510,-85.0
1511,-114.0
1512,-116.0
1513,-118.0
1514,-120.0
1515,-116.0
1516,-115.0
1517,-87.0
1518,-118.0
1519,-119.0
1520,-117.0
1521,-118.0
1522,-84.0
1523,-120.0
1524,-121.0
1525,-120.0
1526,-121.0
1527,-113.0
1528,-111.0
1529,-113.0
1530,-115.0
1531,-119.0
1532,-132.0
1533,-116.0
1534,-120.0
1535,-113.0
1536,-115.0
1537,-116.0
1538,-88.0
1539,-116.0
1540,-116.0
1541,-98.0
1542,-120.0
1543,-112.0
1544,-112.0
1545,-124.0
1546,-111.0
1547,-95.0
1548,-115.0
1549,-117.0
1550,-116.0
1551,-133.0
1552,-117.0
1553,-113.0
1554,-117.0
1555,-117.0
1556,-119.0
1557,-118.0
1558,-116.0
1559,-114.0
1560,-112.0
1561,-114.0
1562,-92.0
1563,-94.0
1564,-113.0
1565,-112.0
1566,-108.0
1567,-117.0
1568,-114.0
1569,-114.0
1570,-87.0
1571,-112.0
1572,-110.0
1573,-109.0
1574,-111.0
1575,-111.0
1576,-111.0
1577,-111.0
1578,-113.0
1579,-112.0
1580,-111.0
1581,-101.0
1582,-110.0
1583,-111.0
1584,-114.0
1585,-111.0
1586,-110.0
1587,-109.0
1588,-97.0
1589,-114.0
1590,-115.0
1591,-100.0
1592,-107.0
1593,-110.0
1594,-97.0
1595,-115.0
1596,-109.0
1597,-112.0
1598,-117.0
1599,-109.0
1600,-109.0
1601,-114.0
1602,-111.0
1603,-199.0
1604,-165.0
1605,-107.0
1606,-106.0
1607,-107.0
1608,-111.0
1609,-111.0
1610,-112.0
1611,-113.0
1612,-115.0
1613,-111.0
1614,-110.0
1615,-183.0
1616,-108.0
1617,-177.0
1618,-169.0
1619,-110.0
1620,-192.0
1621,-109.0
1622,-107.0
1623,-115.0
1624,-184.0
1625,-112.0
1626,-111.0
1627,-119.0
1628,-166.0
1629,-120.0
1630,-111.0
1631,-160.0
1632,-102.0
1633,-112.0
1634,-195.0
1635,-107.0
1636,-179.0
1637,-112.0
1638,-113.0
1639,-111.0
1640,-113.0
1641,-152.0
1642,-111.0
1643,-109.0
1644,-110.0
1645,-111.0
1646,-109.0
1647,-110.0
1648,-108.0
1649,-108.0
1650,-109.0
1651,-109.0
1652,-112.0
1653,-109.0
1654,-108.0
1655,-109.0
1656,-150.0
1657,-110.0
1658,-110.0
1659,-109.0
1660,-108.0
1661,-167.0
1662,-158.0
1663,-171.0
1664,-158.0
1665,-149.0
1666,-108.0
1667,-197.0
1668,-172.0
1669,-111.0
1670,-110.0
1671,-106.0
1672,-126.0
1673,-170.0
1674,-109.0
1675,-111.0
1676,-122.0
1677,-158.0
1678,-167.0
1679,-110.0
1680,-154.0
1681,-113.0
1682,-113.0
1683,-166.0
1684,-110.0
1685,-108.0
1686,-110.0
1687,-149.0
1688,-112.0
1689,-107.0
1690,-108.0
1691,-113.0
1692,-112.0
1693,-111.0
1694,-110.0
1695,-180.0
1696,-110.0
1697,-109.0
1698,-111.0
1699,-170.0
1700,-119.0
1701,-112.0
1702,-113.0
1703,-196.0
1704,-200.0
1705,-112.0
1706,-180.0
1707,-110.0
1708,-98.0
1709,-113.0
1710,-112.0
1711,-110.0
1712,-99.0
1713,-200.0
1714,-116.0
1715,-113.0
1716,-113.0
1717,-200.0
1718,-160.0
1719,-176.0
1720,-111.0
1721,-105.0
1722,-112.0
1723,-107.0
1724,-114.0
1725,-191.0
1726,-110.0
1727,-109.0
1728,-112.0
1729,-189.0
1730,-134.0
1731,-109.0
1732,-134.0
1733,-200.0
1734,-109.0
1735,-110.0
1736,-119.0
1737,-119.0
1738,-113.0
1739,-180.0
1740,-128.0
1741,-117.0
1742,-118.0
1743,-130.0
1744,-196.0
1745,-111.0
1746,-123.0
1747,-174.0
1748,-108.0
1749,-112.0
1750,-200.0
1751,-114.0
1752,-112.0
1753,-200.0
1754,-114.0
1755,-108.0
1756,-106.0
1757,-118.0
1758,-114.0
1759,-111.0
1760,-126.0
1761,-108.0
1762,-116.0
1763,-121.0
1764,-113.0
1765,-104.0
1766,-115.0
1767,-118.0
1768,-192.0
1769,-108.0
1770,-124.0
1771,-118.0
1772,-111.0
1773,-195.0
1774,-121.0
1775,-106.0
1776,-112.0
1777,-126.0
1778,-105.0
1779,-118.0
1780,-173.0
1781,-135.0
1782,-127.0
1783,-120.0
1784,-116.0
1785,-146.0
1786,-113.0
1787,-118.0
1788,-116.0
1789,-115.0
1790,-109.0
1791,-126.0
1792,-118.0
1793,-116.0
1794,-89.0
1795,-112.0
1796,-138.0
1797,-106.0
1798,-106.0
1799,-116.0
1800,-111.0
1801,-113.0
1802,-123.0
1803,-93.0
1804,-103.0
1805,-117.0
1806,-114.0
1807,-111.0
1808,-111.0
1809,-118.0
1810,-116.0
1811,-114.0
1812,-87.0
1813,-116.0
1814,-114.0
1815,-102.0
1816,-108.0
1817,-119.0
1818,-101.0
1819,-109.0
1820,-90.0
1821,-90.0
1822,-132.0
1823,-109.0
1824,-107.0
1825,-111.0
1826,-119.0
1827,-102.0
1828,-91.0
1829,-106.0
1830,-106.0
1831,-87.0
1832,-101.0
1833,-84.0
1834,-104.0
1835,-101.0
1836,-113.0
1837,-110.0
1838,-103.0
1839,-85.0
1840,-108.0
1841,-100.0
1842,-106.0
1843,-109.0
1844,-111.0
1845,-118.0
1846,-86.0
1847,-109.0
1848,-106.0
1849,-114.0
1850,-90.0
1851,-111.0
1852,-88.0
1853,-110.0
1854,-107.0
1855,-97.0
1856,-113.0
1857,-84.0
1858,-100.0
1859,-105.0
1860,-200.0
1861,-90.0
1862,-107.0
1863,-85.0
1864,-102.0
1865,-85.0
1866,-109.0
1867,-134.0
1868,-86.0
1869,-111.0
1870,-113.0
1871,-165.0
1872,-105.0
1873,-108.0
1874,-106.0
1875,-103.0
1876,-104.0
1877,-108.0
1878,-87.0
1879,-101.0
1880,-111.0
1881,-159.0
1882,-99.0
1883,-109.0
1884,-113.0
1885,-88.0
1886,-111.0
1887,-124.0
1888,-115.0
1889,-85.0
1890,-100.0
1891,-185.0
1892,-87.0
1893,-112.0
1894,-115.0
1895,-115.0
1896,-116.0
1897,-89.0
1898,-86.0
1899,-100.0
1900,-113.0
1901,-85.0
1902,-110.0
1903,-160.0
1904,-90.0
1905,-172.0
1906,-106.0
1907,-154.0
1908,-104.0
1909,-87.0
1910,-90.0
1911,-108.0
1912,-87.0
1913,-86.0
1914,-192.0
1915,-104.0
1916,-106.0
1917,-86.0
1918,-105.0
1919,-87.0
1920,-109.0
1921,-190.0
1922,-174.0
1923,-162.0
1924,-88.0
1925,-104.0
1926,-110.0
1927,-87.0
1928,-93.0
1929,-108.0
1930,-109.0
1931,-177.0
1932,-86.0
1933,-122.0
1934,-109.0
1935,-104.0
1936,-156.0
1937,-110.0
1938,-155.0
1939,-107.0
1940,-158.0
1941,-107.0
1942,-160.0
1943,-109.0
1944,-114.0
1945,-153.0
1946,-85.0
1947,-110.0
1948,-84.0
1949,-111.0
1950,-110.0
1951,-92.0
1952,-153.0
1953,-96.0
1954,-102.0
1955,-117.0
1956,-96.0
1957,-85.0
1958,-108.0
1959,-110.0
1960,-113.0
1961,-171.0
1962,-89.0
1963,-159.0
1964,-106.0
1965,-172.0
1966,-162.0
1967,-161.0
1968,-103.0
1969,-182.0
1970,-110.0
1971,-164.0
1972,-171.0
1973,-114.0
1974,-178.0
1975,-108.0
1976,-108.0
1977,-156.0
1978,-97.0
1979,-97.0
1980,-155.0
1981,-104.0
1982,-90.0
1983,-92.0
1984,-199.0
1985,-97.0
1986,-159.0
1987,-165.0
1988,-157.0
1989,-155.0
1990,-116.0
1991,-180.0
1992,-176.0
1993,-166.0
1994,-168.0
1995,-104.0
1996,-162.0
1997,-170.0
1998,-107.0
1999,-104.0
2000,-163.0
2001,-114.0
2002,-92.0
2003,-110.0
2004,-105.0
2005,-109.0
2006,-109.0
2007,-85.0
2008,-94.0
2009,-167.0
2010,-102.0
2011,-157.0
2012,-98.0
2013,-162.0
2014,-164.0
2015,-96.0
2016,-155.0
2017,-94.0
2018,-165.0
2019,-155.0
2020,-107.0
2021,-159.0
2022,-158.0
2023,-168.0
2024,-89.0
2025,-157.0
2026,-150.0
2027,-91.0
2028,-158.0
2029,-154.0
2030,-147.0
2031,-154.0
2032,-156.0
2033,-83.0
2034,-97.0
2035,-154.0
2036,-160.0
2037,-152.0
2038,-151.0
2039,-106.0
2040,-151.0
2041,-151.0
2042,-168.0
2043,-153.0
2044,-162.0
2045,-155.0
2046,-85.0
2047,-149.0
2048,-104.0
2049,-89.0
2050,-105.0
2051,-158.0
2052,-197.0
2053,-156.0
2054,-84.0
2055,-157.0
2056,-173.0
2057,-154.0
2058,-149.0
2059,-186.0
2060,-83.0
2061,-148.0
2062,-158.0
2063,-85.0
2064,-162.0
2065,-97.0
2066,-110.0
2067,-102.0
2068,-167.0
2069,-100.0
2070,-162.0
2071,-181.0
2072,-170.0
2073,-154.0
2074,-107.0
2075,-93.0
2076,-157.0
2077,-162.0
2078,-150.0
2079,-150.0
2080,-157.0
2081,-152.0
2082,-160.0
2083,-172.0
2084,-84.0
2085,-147.0
2086,-150.0
2087,-150.0
2088,-153.0
2089,-99.0
2090,-148.0
2091,-156.0
2092,-199.0
2093,-158.0
2094,-160.0
2095,-167.0
2096,-149.0
2097,-151.0
2098,-145.0
2099,-107.0
2100,-165.0
2101,-101.0
2102,-162.0
2103,-148.0
2104,-149.0
2105,-152.0
2106,-146.0
2107,-146.0
2108,-152.0
2109,-152.0
2110,-154.0
2111,-179.0
2112,-146.0
2113,-147.0
2114,-110.0
2115,-153.0
2116,-148.0
2117,-151.0
2118,-157.0
2119,-122.0
2120,-155.0
2121,-153.0
2122,-118.0
2123,-104.0
2124,-111.0
2125,-117.0
2126,-111.0
2127,-156.0
2128,-170.0
2129,-154.0
2130,-149.0
2131,-173.0
2132,-156.0
2133,-172.0
2134,-163.0
2135,-177.0
2136,-180.0
2137,-149.0
2138,-146.0
2139,-170.0
2140,-107.0
2141,-104.0
2142,-147.0
2143,-162.0
2144,-117.0
2145,-160.0
2146,-151.0
2147,-176.0
2148,-90.0
2149,-111.0
2150,-112.0
2151,-154.0
2152,-150.0
2153,-154.0
2154,-157.0
2155,-111.0
2156,-107.0
2157,-108.0
2158,-169.0
2159,-169.0
2160,-109.0
2161,-114.0
2162,-88.0
2163,-105.0
2164,-173.0
2165,-108.0
2166,-148.0
2167,-86.0
2168,-163.0
2169,-100.0
2170,-187.0
2171,-186.0
2172,-122.0
2173,-147.0
2174,-105.0
2175,-119.0
2176,-145.0
2177,-106.0
2178,-104.0
2179,-146.0
2180,-107.0
2181,-147.0
2182,-186.0
2183,-109.0
2184,-103.0
2185,-146.0
2186,-144.0
2187,-105.0
2188,-105.0
2189,-92.0
2190,-104.0
2191,-163.0
2192,-144.0
2193,-104.0
2194,-114.0
2195,-106.0
2196,-108.0
2197,-144.0
2198,-106.0
2199,-106.0
2200,-161.0
2201,-136.0
2202,-112.0
2203,-119.0
2204,-109.0
2205,-151.0
2206,-109.0
2207,-166.0
2208,-100.0
2209,-99.0
2210,-107.0
2211,-106.0
2212,-104.0
2213,-107.0
2214,-112.0
2215,-104.0
2216,-130.0
2217,-108.0
2218,-186.0
2219,-176.0
2220,-184.0
2221,-92.0
2222,-104.0
2223,-107.0
2224,-133.0
2225,-120.0
2226,-123.0
2227,-101.0
2228,-122.0
2229,-106.0
2230,-94.0
2231,-93.0
2232,-107.0
2233,-112.0
2234,-103.0
2235,-105.0
2236,-108.0
2237,-107.0
2238,-108.0
2239,-99.0
2240,-108.0
2241,-108.0
2242,-98.0
2243,-111.0
2244,-142.0
2245,-105.0
2246,-106.0
2247,-100.0
2248,-98.0
2249,-86.0
2250,-105.0
2251,-108.0
2252,-91.0
2253,-106.0
2254,-107.0
2255,-93.0
2256,-106.0
2257,-91.0
2258,-107.0
2259,-129.0
2260,-103.0
2261,-154.0
2262,-106.0
2263,-106.0
2264,-111.0
2265,-109.0
2266,-90.0
2267,-96.0
2268,-86.0
2269,-152.0
2270,-158.0
2271,-109.0
2272,-105.0
2273,-155.0
2274,-111.0
2275,-168.0
2276,-91.0
2277,-117.0
2278,-92.0
2279,-111.0
2280,-109.0
2281,-95.0
2282,-112.0
2283,-109.0
2284,-154.0
2285,-102.0
2286,-87.0
2287,-86.0
2288,-103.0
2289,-112.0
2290,-107.0
2291,-110.0
2292,-88.0
2293,-92.0
2294,-83.0
2295,-91.0
2296,-113.0
2297,-156.0
2298,-88.0
2299,-113.0
2300,-85.0
2301,-111.0
2302,-101.0
2303,-92.0
2304,-114.0
2305,-90.0
2306,-108.0
2307,-90.0
2308,-106.0
2309,-112.0
2310,-112.0
2311,-110.0
2312,-200.0
2313,-84.0
2314,-108.0
2315,-91.0
2316,-117.0
2317,-110.0
2318,-114.0
2319,-93.0
2320,-161.0
2321,-111.0
2322,-109.0
2323,-84.0
2324,-106.0
2325,-109.0
2326,-120.0
2327,-84.0
2328,-114.0
2329,-111.0
2330,-95.0
2331,-93.0
2332,-110.0
2333,-97.0
2334,-84.0
2335,-183.0
2336,-106.0
2337,-111.0
2338,-107.0
2339,-85.0
2340,-110.0
2341,-111.0
2342,-152.0
2343,-174.0
2344,-110.0
2345,-111.0
2346,-137.0
2347,-110.0
2348,-169.0
2349,-107.0
2350,-158.0
2351,-118.0
2352,-169.0
2353,-85.0
2354,-103.0
2355,-110.0
2356,-107.0
2357,-104.0
2358,-180.0
2359,-107.0
2360,-107.0
2361,-110.0
2362,-112.0
2363,-105.0
2364,-100.0
2365,-89.0
2366,-113.0
2367,-114.0
2368,-109.0
2369,-114.0
2370,-109.0
2371,-88.0
2372,-122.0
2373,-87.0
2374,-113.0
2375,-87.0
2376,-123.0
2377,-102.0
2378,-165.0
2379,-111.0
2380,-148.0
2381,-110.0
2382,-109.0
2383,-116.0
2384,-114.0
2385,-85.0
2386,-93.0
2387,-189.0
2388,-91.0
2389,-109.0
2390,-180.0
2391,-103.0
2392,-127.0
2393,-93.0
2394,-109.0
2395,-93.0
2396,-109.0
2397,-182.0
2398,-112.0
2399,-117.0
2400,-115.0
2401,-98.0
2402,-149.0
2403,-93.0
2404,-93.0
2405,-147.0
2406,-117.0
2407,-94.0
2408,-98.0
2409,-184.0
2410,-100.0
2411,-172.0
2412,-116.0
2413,-148.0
2414,-113.0
2415,-111.0
2416,-112.0
2417,-107.0
2418,-150.0
2419,-115.0
2420,-113.0
2421,-85.0
2422,-98.0
2423,-166.0
2424,-103.0
2425,-107.0
2426,-114.0
2427,-115.0
2428,-167.0
2429,-114.0
2430,-111.0
2431,-115.0
2432,-157.0
2433,-101.0
2434,-109.0
2435,-115.0
2436,-95.0
2437,-153.0
2438,-111.0
2439,-151.0
2440,-117.0
2441,-108.0
2442,-104.0
2443,-108.0
2444,-118.0
2445,-94.0
2446,-100.0
2447,-111.0
2448,-152.0
2449,-107.0
2450,-118.0
2451,-156.0
2452,-155.0
2453,-117.0
2454,-109.0
2455,-100.0
2456,-102.0
2457,-175.0
2458,-109.0
2459,-159.0
2460,-84.0
2461,-189.0
2462,-133.0
2463,-105.0
2464,-103.0
2465,-157.0
2466,-109.0
2467,-102.0
2468,-86.0
2469,-104.0
2470,-90.0
2471,-105.0
2472,-123.0
2473,-124.0
2474,-172.0
2475,-84.0
2476,-104.0
2477,-174.0
2478,-114.0
2479,-169.0
2480,-171.0
2481,-163.0
2482,-85.0
2483,-153.0
2484,-88.0
2485,-104.0
2486,-109.0
2487,-101.0
2488,-108.0
2489,-84.0
2490,-98.0
2491,-108.0
2492,-97.0
2493,-93.0
2494,-165.0
2495,-109.0
2496,-85.0
2497,-130.0
2498,-103.0
2499,-84.0
2500,-103.0
